{
    "total_runtime": 1.5085210800170898,
    "num_documents": 8,
    "input_load_time": 0,
    "workflows": {
        "create_base_text_units": {
            "overall": 0.04970860481262207
        },
        "create_final_documents": {
            "overall": 0.044254302978515625
        },
        "extract_graph": {
            "overall": 0.43480706214904785
        },
        "finalize_graph": {
            "overall": 0.06980657577514648
        },
        "create_communities": {
            "overall": 0.08629894256591797
        },
        "create_final_text_units": {
            "overall": 0.05869340896606445
        },
        "create_community_reports": {
            "overall": 0.2642533779144287
        },
        "generate_text_embeddings": {
            "overall": 0.40837812423706055
        }
    }
}