{
    "total_runtime": 20.364315032958984,
    "num_documents": 1,
    "input_load_time": 0,
    "workflows": {
        "create_base_text_units": {
            "overall": 0.03900790214538574
        },
        "create_final_documents": {
            "overall": 0.04558682441711426
        },
        "extract_graph": {
            "overall": 0.4905250072479248
        },
        "finalize_graph": {
            "overall": 0.08199405670166016
        },
        "create_communities": {
            "overall": 0.08648467063903809
        },
        "create_final_text_units": {
            "overall": 0.07500195503234863
        },
        "create_community_reports": {
            "overall": 17.20295739173889
        },
        "generate_text_embeddings": {
            "overall": 2.2337419986724854
        }
    }
}